<?xml version="1.0" encoding="UTF-8"?>
<MISRA-C-Report-Summary>
<File Mode="required" Error="0" Warning="13" Total="13">
<Name>
C:\SynergyWorkspace\WorkingProjects\ReturnFirewall-gzkys7\ReturnFirewall\src\Ap_ReturnFirewall.c</Name>
</File>
<Rule Name="8.7" Count="3" Mode="required" Severity="warning">
<Message>
Objects shall be defined at block scope if they are only accessed from</Message>
</Rule>
<Rule Name="10.4" Count="2" Mode="required" Severity="warning">
<Message>
Complex expression of 'float' type may only be cast to narrower floating type,</Message>
</Rule>
<Rule Name="5.1" Count="2" Mode="required" Severity="warning">
<Message>
</Message>
</Rule>
<Rule Name="8.10" Count="2" Mode="required" Severity="warning">
<Message>
</Message>
</Rule>
<Rule Name="10.1" Count="1" Mode="required" Severity="warning">
<Message>
Implicit conversion of the binary &gt; left hand operand of underlying type 'signed int'</Message>
</Rule>
<Rule Name="10.2" Count="1" Mode="required" Severity="warning">
<Message>
Implicit conversion of complex floating expression from 'float' to 'double'.</Message>
</Rule>
<Rule Name="10.3" Count="1" Mode="required" Severity="warning">
<Message>
Complex expression of underlying type 'signed short' may only be cast to narrower integer</Message>
</Rule>
<Rule Name="8.1" Count="1" Mode="required" Severity="warning">
<Message>
Function 'fabsf' has no complete visible prototype at call.</Message>
</Rule>
</MISRA-C-Report-Summary>
